City ID,City,Cloudiness,Country,Date,Humidity,Lat,Lng,Max Temp,Wind Speed
0,Carnarvon,40,AU,1614742236,83,-24.8667,113.6333,78.8,13.8
1,Tasiilaq,90,GL,1614742264,39,65.6145,-37.6368,26.6,18.41
2,Safford,1,US,1614742372,15,32.834,-109.7076,57.2,11.5
3,La Ronge,91,CA,1614742340,79,55.1001,-105.2842,15.8,5.75
4,Punta Arenas,20,CL,1614742218,66,-53.15,-70.9167,48.2,11.5
5,Rikitea,80,PF,1614742214,70,-23.1203,-134.9692,78.64,4.5
6,Hobart,75,AU,1614741974,45,-42.8794,147.3294,62.6,10.36
7,Half Moon Bay,20,US,1614742170,87,37.4636,-122.4286,55.4,3.44
8,Isangel,75,VU,1614742257,79,-19.55,169.2667,86.0,6.91
9,Mahébourg,75,MU,1614742253,94,-20.4081,57.7,77.0,5.75
10,Kawalu,82,ID,1614742313,50,-7.3817,108.2082,91.15,1.36
11,Roald,90,NO,1614742355,93,62.5833,6.1333,41.0,18.41
12,Puerto Ayora,66,EC,1614742233,96,-0.7393,-90.3518,75.99,1.99
13,Esperance,91,AU,1614742275,53,-33.8667,121.9,75.2,13.8
14,Porto-Novo,40,BJ,1614742352,84,6.4965,2.6036,84.2,5.75
15,Coahuayana Viejo,2,MX,1614742310,88,18.7333,-103.6833,69.94,2.33
16,Yellowknife,90,CA,1614742250,77,62.456,-114.3525,-2.99,9.22
17,Anáhuac,0,MX,1614742563,43,27.2333,-100.15,58.41,7.36
18,Bluff,35,NZ,1614742223,66,-46.6,168.3333,69.01,8.01
19,Khandyga,100,RU,1614742247,85,62.6667,135.6,-13.34,2.48
20,Lavrentiya,17,RU,1614742258,82,65.5833,-171.0,-17.18,13.13
21,Mabaruma,57,GY,1614742564,97,8.2,-59.7833,70.9,3.13
22,Atuona,1,PF,1614742250,74,-9.8,-139.0333,80.15,11.88
23,Albany,0,US,1614742031,55,42.6001,-73.9662,21.99,2.21
24,Busselton,100,AU,1614742245,83,-33.65,115.3333,71.01,3.0
25,Beringovskiy,0,RU,1614742338,80,63.05,179.3167,-13.61,3.78
26,Cape Town,75,ZA,1614742119,94,-33.9258,18.4232,69.01,6.91
27,Mīrābād,19,AF,1614742564,41,30.4362,61.8383,58.89,10.63
28,Ponta do Sol,74,PT,1614742246,63,32.6667,-17.1,55.0,5.01
29,Mbuguni,20,TZ,1614742565,77,-3.5667,36.95,68.0,5.75
30,Cherskiy,85,RU,1614742271,84,68.75,161.3,-24.36,4.23
31,Bredasdorp,4,ZA,1614742227,94,-34.5322,20.0403,57.2,1.14
32,Port Hardy,75,CA,1614742204,93,50.6996,-127.4199,42.8,5.75
33,Hilo,75,US,1614742263,64,19.7297,-155.09,73.4,6.91
34,Mataura,64,NZ,1614742224,66,-46.1927,168.8643,69.01,8.01
35,Ushuaia,20,AR,1614742069,57,-54.8,-68.3,50.0,4.61
36,Vaini,75,TO,1614742232,78,-21.2,-175.2,80.6,16.11
37,Kaeo,100,NZ,1614742566,95,-35.1,173.7833,66.99,4.0
38,Mareeba,40,AU,1614742253,61,-17.0,145.4333,84.2,23.02
39,Ancud,0,CL,1614742325,87,-41.8697,-73.8203,54.0,3.58
40,Boa Vista,75,BR,1614742458,61,2.8197,-60.6733,80.6,6.91
41,Amuntai,91,ID,1614742566,78,-2.4177,115.2494,81.72,4.07
42,Fort Nelson,75,CA,1614742566,92,58.8053,-122.7002,14.0,3.44
43,Klaksvík,75,FO,1614742257,100,62.2266,-6.589,42.8,6.91
44,Taloqan,64,AF,1614742567,50,36.7361,69.5345,49.8,2.39
45,Chifeng,9,CN,1614742320,50,42.2683,118.9636,46.71,16.62
46,Vao,100,NC,1614742567,74,-22.6667,167.4833,78.53,12.1
47,Butaritari,1,KI,1614742246,79,3.0707,172.7902,81.5,17.2
48,Tochigi,20,JP,1614742567,27,36.3833,139.7333,50.0,13.8
49,Jhang,0,PK,1614742568,27,33.6748,72.6963,64.69,5.28
50,Esna,0,EG,1614742568,58,25.2934,32.554,55.4,3.44
51,Linxia Chengguanzhen,0,CN,1614742285,35,35.6003,103.2064,42.46,2.35
52,Tupik,100,RU,1614742568,86,54.4253,119.9327,-1.59,2.75
53,Jamestown,1,US,1614742114,59,42.097,-79.2353,30.99,13.56
54,Hithadhoo,35,MV,1614742266,69,-0.6,73.0833,82.8,11.03
55,Tilichiki,100,RU,1614742347,90,60.4667,166.1,-4.52,8.14
56,Kloulklubed,75,PW,1614742259,66,7.0419,134.2556,86.0,11.5
57,Kahului,40,US,1614742274,60,20.8947,-156.47,75.2,21.85
58,Alice Springs,0,AU,1614742287,14,-23.7,133.8833,102.2,6.91
59,Adrar,60,MR,1614742302,25,20.5022,-10.0711,61.47,9.57
60,Pangody,100,RU,1614742569,92,65.85,74.4859,-0.44,20.71
61,Praia da Vitória,20,PT,1614742340,71,38.7333,-27.0667,54.0,25.08
62,Royan,0,FR,1614742569,71,45.6285,-1.0281,50.0,3.44
63,Sorong,88,ID,1614742569,66,-0.8833,131.25,82.53,6.91
64,Hirara,75,JP,1614742336,64,24.8,125.2833,68.0,12.66
65,Hermanus,0,ZA,1614742570,92,-34.4187,19.2345,62.01,1.01
66,Moranbah,100,AU,1614742570,37,-22.0016,148.0466,92.46,20.13
67,Avarua,75,CK,1614742233,78,-21.2078,-159.775,82.4,3.44
68,Réo,12,BF,1614742570,18,12.3167,-2.4667,78.28,8.55
69,Iqaluit,90,CA,1614742226,70,63.7506,-68.5145,-13.0,25.32
70,El Tigre,98,VE,1614742570,60,8.8875,-64.2454,73.94,14.65
71,Hong Kong,21,HK,1614742147,78,22.2855,114.1577,66.0,3.0
72,Arlit,0,NE,1614742571,20,18.7369,7.3853,69.73,8.39
73,Ko Samui,40,TH,1614742035,70,9.5357,99.9357,86.0,12.66
74,Havre-St-Pierre,90,CA,1614742273,73,50.2334,-63.5986,21.2,12.66
75,Rockland,18,US,1614742571,49,41.1668,-74.0496,26.01,4.0
76,Tsiroanomandidy,26,MG,1614742572,91,-18.7667,46.0333,67.82,3.94
77,Lubango,0,AO,1614742572,74,-14.9172,13.4925,58.08,5.59
78,East London,0,ZA,1614742288,88,-33.0153,27.9116,66.2,6.91
79,Fortuna,52,US,1614742361,85,40.5982,-124.1573,48.0,3.4
80,New Norfolk,99,AU,1614742285,62,-42.7826,147.0587,61.0,3.0
81,Fare,94,PF,1614742572,71,-16.7,-151.0167,83.05,1.54
82,Tateyama,0,JP,1614742572,24,34.9833,139.8667,52.0,8.99
83,Barrow,90,US,1614742198,76,71.2906,-156.7887,-14.8,13.8
84,Nouadhibou,81,MR,1614742572,72,20.931,-17.0347,64.4,17.27
85,San Ciro de Acosta,13,MX,1614742572,75,21.6333,-99.8167,53.87,3.91
86,Flin Flon,99,CA,1614742573,95,54.7682,-101.865,6.12,6.78
87,Bambous Virieux,75,MU,1614742235,94,-20.3428,57.7575,78.01,5.75
88,Los Llanos de Aridane,90,ES,1614742251,72,28.6585,-17.9182,64.4,4.61
89,Colorado Springs,1,US,1614742573,30,38.8339,-104.8214,42.8,6.91
90,Ribeira Grande,8,PT,1614742256,65,38.5167,-28.7,57.76,25.41
91,Shashi,33,CN,1614742573,45,30.3072,112.2447,62.01,3.38
92,Vestmannaeyjar,100,IS,1614742320,85,63.4427,-20.2734,44.24,22.55
93,Henties Bay,5,NA,1614742297,91,-22.116,14.2845,66.0,3.0
94,Maragogi,11,BR,1614742574,86,-9.0122,-35.2225,77.13,8.39
95,Lucapa,100,AO,1614742574,98,-8.4192,20.7447,66.2,2.21
96,Luangwa,29,ZM,1614742574,98,-15.6167,30.4167,67.8,1.39
97,Grindavik,90,IS,1614742574,93,63.8424,-22.4338,42.8,10.36
98,Qaanaaq,98,GL,1614742272,59,77.484,-69.3632,7.45,12.64
99,Morón,0,AR,1614742281,89,-34.6534,-58.6198,79.0,4.0
100,Paamiut,58,GL,1614742574,56,61.994,-49.6678,31.42,5.35
101,Manaure,9,CO,1614742575,76,11.7751,-72.4445,75.47,10.4
102,Lompoc,1,US,1614742265,81,34.6391,-120.4579,50.0,4.61
103,San Patricio,1,US,1614742297,82,28.017,-97.5169,55.4,6.91
104,Saint-François,0,FR,1614742575,81,46.4154,3.9054,42.01,2.3
105,Kaitangata,48,NZ,1614742330,69,-46.2817,169.8464,66.99,5.03
106,Havøysund,90,NO,1614742575,100,70.9963,24.6622,26.6,17.27
107,Victoria Point,57,AU,1614742576,70,-27.5833,153.3,80.01,4.0
108,Chokurdakh,93,RU,1614742273,86,70.6333,147.9167,-26.68,7.81
109,Chui,24,UY,1614742344,91,-33.6971,-53.4616,72.16,9.42
110,Wanning,94,CN,1614742327,85,18.8003,110.3967,74.86,8.68
111,Chimbote,100,PE,1614742556,71,-9.0853,-78.5783,74.57,5.93
112,Longmont,1,US,1614742576,23,40.1672,-105.1019,50.0,9.22
113,Tezu,1,IN,1614742576,16,27.9167,96.1667,84.09,4.25
114,Ialibu,40,PG,1614742576,53,-6.2821,143.9935,70.52,9.64
115,Chota,99,PE,1614742577,87,-6.55,-78.65,54.28,2.04
116,Sioux Lookout,90,CA,1614742299,74,50.1001,-91.917,23.0,11.5
117,Oranjestad,40,AW,1614742577,73,12.524,-70.027,78.8,11.5
118,Ilo,80,PE,1614742577,81,-17.6394,-71.3375,72.46,2.64
119,Tres Arroyos,1,AR,1614742577,74,-38.3739,-60.2798,72.52,12.44
120,Sakaiminato,75,JP,1614742577,39,35.55,133.2333,46.4,11.5
121,Khatanga,0,RU,1614742238,81,71.9667,102.5,-33.75,5.08
122,Mahon,40,ES,1614742578,87,39.8885,4.2658,53.6,8.05
123,Terryville,1,US,1614742578,43,40.909,-73.0651,28.99,4.61
124,Saint-Philippe,0,RE,1614742236,61,-21.3585,55.7679,77.0,4.61
125,Angoram,100,PG,1614742578,88,-4.0625,144.0661,83.57,4.18
126,Najrān,0,SA,1614742578,34,17.4924,44.1277,66.2,6.91
127,Whitehaven,2,GB,1614742579,95,54.549,-3.5841,32.0,2.89
128,Simití,37,CO,1614742579,58,7.9579,-73.9436,79.79,3.38
129,Kapaa,40,US,1614742237,64,22.0752,-159.319,73.4,23.02
130,Nador,90,MA,1614742579,88,35.174,-2.9287,59.0,9.22
131,Pangnirtung,100,CA,1614742291,89,66.1451,-65.7125,2.5,4.63
132,Provideniya,0,RU,1614742301,66,64.3833,-173.3,3.2,24.61
133,Panabá,0,MX,1614742579,78,21.2833,-88.2667,72.32,5.41
134,Tete,40,MZ,1614742579,83,-16.1564,33.5867,77.0,5.75
135,Cidreira,100,BR,1614742257,89,-30.1811,-50.2056,76.35,11.25
136,Avila,29,ES,1614742580,89,40.5833,-5.0,42.01,4.21
137,Shingū,0,JP,1614742580,37,33.7333,135.9833,51.8,17.27
138,Leningradskiy,26,RU,1614742226,83,69.3833,178.4167,-21.91,3.78
139,Nikolskoye,0,RU,1614742255,80,59.7035,30.7861,30.99,11.18
140,Vostok,38,RU,1614742258,71,46.4856,135.8833,18.91,5.55
141,Aasiaat,100,GL,1614742580,84,68.7098,-52.8699,14.52,3.53
142,Nizhniy Kuranakh,99,RU,1614742580,86,58.8353,125.4869,-8.3,2.17
143,Batagay,100,RU,1614742581,81,67.6333,134.6333,-28.86,3.71
144,Caucayá,78,CO,1614742581,85,-0.1934,-74.7819,71.47,1.59
145,Port Alfred,24,ZA,1614742281,95,-33.5906,26.891,66.99,1.99
146,São João da Barra,96,BR,1614742363,91,-21.6403,-41.0511,75.38,9.48
147,Fuzhou,90,CN,1614742369,62,26.0614,119.3061,55.4,6.71
148,Dikson,0,RU,1614742249,76,73.5069,80.5464,-24.5,6.55
149,Honiara,97,SB,1614742582,77,-9.4333,159.95,82.47,4.7
150,Saint Paul Harbor,90,US,1614742261,69,57.79,-152.4072,33.8,12.66
151,Rundu,36,NA,1614742582,96,-17.9333,19.7667,59.61,5.35
152,Kapuskasing,95,CA,1614742582,93,49.4169,-82.4331,17.6,1.72
153,Mount Isa,42,AU,1614742286,19,-20.7333,139.5,96.8,14.97
154,Whitehorse,75,CA,1614742440,59,60.7161,-135.0538,26.6,6.91
155,Batagay-Alyta,100,RU,1614742582,84,67.8006,130.4114,-19.98,2.84
156,Bengkulu,68,ID,1614742277,63,-3.8004,102.2655,84.49,5.26
157,Shubarkuduk,100,KZ,1614742583,98,49.1447,56.4872,25.81,21.65
158,Griffith,1,US,1614742583,87,41.5284,-87.4237,37.0,12.66
159,Sijunjung,100,ID,1614742583,94,-0.6876,100.9537,74.37,1.25
160,Masterton,23,NZ,1614742583,75,-40.9597,175.6575,75.99,3.0
161,Padang,40,ID,1614742568,74,-0.9492,100.3543,82.4,5.75
162,Tuatapere,42,NZ,1614742242,66,-46.1333,167.6833,69.01,8.01
163,Tautira,75,PF,1614742583,74,-17.7333,-149.15,87.01,5.75
164,Madimba,40,TZ,1614742584,94,-10.4,40.3333,78.8,11.5
165,George Town,20,MY,1614741995,70,5.4112,100.3354,86.0,4.61
166,Sarangani,81,PH,1614742584,77,5.4033,125.4636,81.97,23.33
167,Asău,0,RO,1614742264,55,46.4333,26.4,35.01,5.17
168,Ambon City,40,ID,1614742584,52,-3.6954,128.1814,91.4,8.05
169,Lata,0,PT,1614742584,88,40.1629,-8.3327,52.0,3.06
170,Altagracia de Orituco,54,VE,1614742585,82,9.8601,-66.3814,68.56,6.78
171,Lastoursville,100,GA,1614742585,93,-0.8143,12.7287,72.86,2.84
172,Tuktoyaktuk,75,CA,1614742249,76,69.4541,-133.0374,-16.6,10.36
173,Hay River,98,CA,1614742585,84,60.8156,-115.7999,-2.2,2.3
174,Northam,95,GB,1614742585,95,51.0333,-4.2167,44.01,1.01
175,The Valley,40,AI,1614742327,78,18.217,-63.0578,75.99,12.66
176,Coyhaique,100,CL,1614742585,90,-45.5752,-72.0662,55.45,1.77
177,Vardø,100,NO,1614742330,93,70.3705,31.1107,27.28,11.43
178,Vaijāpur,0,IN,1614742585,29,19.9167,74.7333,77.0,9.75
179,Kavieng,100,PG,1614742315,82,-2.5744,150.7967,80.11,9.66
180,Bumba,100,CD,1614742586,32,2.1833,22.4667,70.77,1.1
181,Domoni,88,KM,1614742244,83,-12.2569,44.5319,80.92,6.26
182,Meulaboh,24,ID,1614742305,60,4.1363,96.1285,86.56,2.44
183,Bonaventure,98,CA,1614742586,62,48.0457,-65.4926,12.2,19.57
184,Bosaso,32,SO,1614742586,75,11.2842,49.1816,75.72,3.38
185,Ketchikan,90,US,1614742279,93,55.3422,-131.6461,37.4,11.5
186,Luoyang,14,CN,1614742463,99,34.6836,112.4536,62.01,5.32
187,Salmās,75,IR,1614742586,86,38.1973,44.7653,32.0,4.61
188,Husavik,90,IS,1614742281,74,66.0449,-17.3389,30.2,12.66
189,Carutapera,86,BR,1614742587,90,-1.195,-46.02,76.08,6.04
190,Nālūt,0,LY,1614742587,65,30.3333,10.85,49.91,20.29
191,Raudeberg,96,NO,1614742341,94,61.9875,5.1352,41.0,11.59
192,Garden City,1,US,1614742587,55,42.3256,-83.331,34.0,11.5
193,Buraidah,0,SA,1614742220,71,26.326,43.975,53.6,5.75
194,Severo-Kuril'sk,100,RU,1614742260,96,50.6789,156.125,25.0,31.99
195,Sehithwa,0,BW,1614742587,80,-20.4667,22.7167,63.14,3.96
196,Dingle,17,PH,1614742227,64,10.9995,122.6711,85.33,12.82
197,Amapá,98,BR,1614742587,96,1.0,-52.0,71.78,1.83
198,College,90,US,1614742587,72,64.8569,-147.8028,8.6,4.61
199,Fayaoué,100,NC,1614742588,78,-20.65,166.5333,81.14,11.18
200,Shīeli,19,KZ,1614742588,86,44.1667,66.75,31.71,2.15
201,Rawson,49,AR,1614742352,79,-43.3002,-65.1023,59.32,13.27
202,Harper,81,LR,1614742321,88,4.375,-7.7169,79.16,7.16
203,Hamilton,1,US,1614742349,64,39.1834,-84.5333,35.01,3.53
204,Torbay,90,CA,1614742294,86,47.6666,-52.7314,24.8,18.41
205,Pisco,90,PE,1614742327,78,-13.7,-76.2167,77.0,3.44
206,Sørland,97,NO,1614742270,87,67.667,12.6934,33.39,33.31
207,Iquitos,75,PE,1614742589,100,-3.7481,-73.2472,73.4,3.44
208,Korla,13,CN,1614742589,65,41.7597,86.1469,40.48,3.42
209,Nome,75,US,1614742125,60,64.5011,-165.4064,1.4,18.41
210,Geraldton,75,AU,1614742198,83,-28.7667,114.6,75.2,11.5
211,Wattegama,0,LK,1614742589,74,6.7989,81.4808,80.6,8.05
212,Coruripe,15,BR,1614742289,80,-10.1256,-36.1756,77.31,8.12
213,Katsuura,20,JP,1614742241,40,35.1333,140.3,51.01,20.71
214,Barra dos Coqueiros,40,BR,1614742589,78,-10.9089,-37.0386,78.8,6.91
215,Point Pedro,0,LK,1614742589,56,9.8167,80.2333,81.1,9.42
216,Ubari,0,LY,1614742590,48,26.5921,12.7805,50.14,10.54
217,Saskylakh,57,RU,1614742260,79,71.9167,114.0833,-37.43,0.31
218,Hambantota,0,LK,1614742318,74,6.1241,81.1185,80.6,8.05
219,Lebu,96,CL,1614742255,80,-37.6167,-73.65,58.64,14.74
220,Mehamn,100,NO,1614742257,93,71.0357,27.8492,25.81,7.52
221,Port Elizabeth,75,ZA,1614742279,88,-33.918,25.5701,68.0,13.8
222,Kailua,75,US,1614742590,68,21.4022,-157.7394,77.0,18.41
223,Kalabo,42,ZM,1614742591,97,-14.97,22.6814,62.22,5.79
224,Billings Metropolitan Area,40,US,1614742557,36,45.7833,-108.5007,44.6,13.8
225,Pala,28,TD,1614742591,19,9.3642,14.9046,74.95,8.63
226,Arraial do Cabo,100,BR,1614742277,87,-22.9661,-42.0278,76.53,19.15
227,Kofelē,7,ET,1614742591,63,7.0667,38.7833,48.87,6.62
228,General Pico,16,AR,1614742591,55,-35.6566,-63.7568,72.66,5.61
229,Natitingou,11,BJ,1614742591,16,10.3042,1.3796,77.0,6.91
230,Dunedin,30,NZ,1614742334,59,-45.8742,170.5036,71.01,18.99
231,Fethiye,40,TR,1614742459,46,36.6217,29.1164,50.0,12.66
232,Mar del Plata,90,AR,1614742225,94,-38.0023,-57.5575,71.6,5.75
233,Tyler,1,US,1614742592,49,32.3513,-95.3011,48.2,3.44
234,Saldanha,0,ZA,1614742252,88,-33.0117,17.9442,64.4,2.3
235,Longyearbyen,0,SJ,1614742237,72,78.2186,15.6401,5.0,5.75
236,Basco,56,PH,1614742592,82,20.4487,121.9702,73.53,22.35
237,Bethel,1,US,1614742325,39,41.3712,-73.414,24.8,3.44
238,Salalah,40,OM,1614742253,69,17.0151,54.0924,75.2,5.75
239,Bilibino,61,RU,1614742329,82,68.0546,166.4372,-11.52,2.59
240,Vytegra,81,RU,1614742593,97,61.0064,36.4481,21.11,9.26
241,Eureka,26,US,1614742342,85,40.8021,-124.1637,48.99,5.03
242,Peleduy,100,RU,1614742593,83,59.6289,112.7406,-12.08,2.68
243,Moerai,9,PF,1614742593,70,-22.4333,-151.3333,81.16,8.57
244,Graaff-Reinet,71,ZA,1614742593,46,-32.2522,24.5308,71.91,2.71
245,Verkhniye Tatyshly,100,RU,1614742593,98,56.2912,55.8575,23.11,9.57
246,Coquimbo,0,CL,1614742034,88,-29.9533,-71.3436,60.8,2.3
247,Toccoa,90,US,1614742388,57,34.5773,-83.3324,44.6,3.44
248,Hofn,100,IS,1614742286,89,64.2539,-15.2082,36.61,15.46
249,Sambava,2,MG,1614742343,88,-14.2667,50.1667,76.3,4.81
250,Saint George,1,US,1614742314,13,37.1041,-113.5841,55.0,4.61
251,Westport,1,US,1614742299,34,41.1415,-73.3579,28.4,5.75
252,Tornio,0,FI,1614742594,80,65.8481,24.1466,28.4,9.22
253,Lázaro Cárdenas,0,MX,1614742594,83,17.9583,-102.2,71.33,3.29
254,Sisimiut,100,GL,1614742594,78,66.9395,-53.6735,24.55,13.2
255,Ārya,0,PK,1614742595,23,33.6,73.0667,69.75,0.96
256,Tabou,85,CI,1614742595,87,4.423,-7.3528,78.64,7.05
257,Port Lincoln,21,AU,1614742225,62,-34.7333,135.8667,67.21,17.07
258,Praia,20,CV,1614742595,77,14.9215,-23.5087,68.0,14.97
259,Río Gallegos,20,AR,1614742292,71,-51.6226,-69.2181,51.8,13.8
260,U Thong,53,TH,1614742596,45,14.3751,99.8923,93.99,5.73
261,Thompson,40,CA,1614742276,84,55.7435,-97.8558,-2.2,3.44
262,Rāwah,25,IQ,1614742596,45,34.4816,41.9093,57.38,8.93
263,Synya,83,RU,1614742596,97,65.3718,58.0387,4.21,4.38
264,São Félix do Xingu,100,BR,1614742596,96,-6.6447,-51.995,71.22,1.23
265,Manaus,75,BR,1614742596,94,-3.1019,-60.025,75.2,5.75
266,San Quintín,0,MX,1614742330,46,30.4833,-115.95,57.97,0.98
267,Srednekolymsk,100,RU,1614742597,84,67.45,153.6833,-23.15,3.85
268,Ilulissat,100,GL,1614742230,40,69.2167,-51.1,28.4,19.57
269,Laguna,1,US,1614742260,33,38.421,-121.4238,59.0,2.91
270,Broome,1,US,1614742358,49,42.2506,-75.833,21.99,3.44
271,Upernavik,100,GL,1614742225,55,72.7868,-56.1549,19.51,5.93
272,Tabas,3,IR,1614742597,41,33.5959,56.9244,59.34,0.22
273,Cartagena,0,CO,1614742597,83,10.3997,-75.5144,77.0,8.05
274,Estelle,90,US,1614742597,100,29.8458,-90.1067,48.99,9.22
275,Abhā,0,SA,1614742598,62,18.2164,42.5053,53.6,1.16
276,Porteirinha,64,BR,1614742598,88,-15.7433,-43.0283,66.88,6.26
277,Kärdla,75,EE,1614742598,85,58.9978,22.7492,35.01,11.01
278,Bambari,65,CF,1614742598,27,5.768,20.6757,69.93,3.27
279,Barranca,100,PE,1614742381,73,-10.75,-77.7667,73.65,2.8
280,Ternate,75,ID,1614742285,66,0.8,127.4,84.56,7.02
281,Ovsyanka,0,RU,1614742599,77,55.9575,92.5519,-7.6,2.64
282,Juneau,90,US,1614742516,80,58.3019,-134.4197,35.6,18.41
283,Susanville,1,US,1614742571,45,40.4163,-120.653,39.2,5.75
284,Dicabisagan,94,PH,1614742599,83,17.0818,122.4157,75.83,7.85
285,Mulchén,79,CL,1614742599,51,-37.7167,-72.2333,65.82,5.23
286,Clyde River,90,CA,1614742267,84,70.4692,-68.5914,-7.6,9.22
287,Gunjur,2,GM,1614742599,50,13.2019,-16.7339,75.2,12.66
288,Nanortalik,21,GL,1614742256,66,60.1432,-45.2371,27.57,14.67
289,Sitka,75,US,1614742299,86,57.0531,-135.33,33.8,11.5
290,Makakilo City,20,US,1614742600,47,21.3469,-158.0858,78.8,11.5
291,Morgan City,90,US,1614742600,93,29.6994,-91.2068,48.2,10.36
292,Blacksburg,1,US,1614742380,69,37.2296,-80.4139,33.01,2.91
293,Mankāchar,2,IN,1614742600,15,25.5333,89.8667,82.83,6.11
294,Plouzané,90,FR,1614742600,93,48.3833,-4.6167,50.0,10.36
295,Inyonga,100,TZ,1614742600,95,-6.7167,32.0667,65.1,2.59
296,Santiago,10,CL,1614742601,68,-33.4569,-70.6483,68.0,6.91
297,Ilebo,100,CD,1614742601,94,-4.3167,20.5833,71.28,0.58
298,Beloha,100,MG,1614742601,87,-25.1667,45.05,72.75,6.64
299,Champerico,99,GT,1614742294,92,14.3,-91.9167,68.0,2.53
300,Ouro Sogui,0,SN,1614742602,24,15.6064,-13.3211,80.6,2.3
301,Irecê,2,BR,1614742303,79,-11.3042,-41.8558,68.4,15.28
302,Huarmey,100,PE,1614742602,72,-10.0681,-78.1522,74.55,3.91
303,Zhalantun,100,CN,1614742602,90,48.0,122.7167,19.33,6.2
304,Hasaki,20,JP,1614742283,36,35.7333,140.8333,50.0,14.97
305,Ileza,100,RU,1614742602,97,61.0533,43.9002,16.83,9.31
306,Yulara,1,AU,1614742295,16,-25.2406,130.9889,100.4,8.05
307,Maceió,0,BR,1614742603,94,-9.6658,-35.7353,73.4,2.3
308,Anadyr,0,RU,1614742258,64,64.75,177.4833,-14.8,6.71
309,Pontianak,90,ID,1614742603,74,-0.0333,109.3333,84.2,3.44
310,Faanui,100,PF,1614742243,72,-16.4833,-151.75,83.23,5.86
311,Anloga,20,GH,1614742603,84,5.7947,0.8973,84.2,6.91
312,Tegul'det,32,RU,1614742300,90,57.3064,88.1667,-1.77,4.16
313,Kavaratti,47,IN,1614742275,69,10.5669,72.642,82.45,7.47
314,North Platte,1,US,1614742545,52,41.1239,-100.7654,48.0,5.75
315,Bonthe,7,SL,1614742248,92,7.5264,-12.505,77.63,2.84
316,Caborca,0,MX,1614742604,17,30.5838,-111.101,64.0,1.99
317,Lakhtinskiy,0,RU,1614742604,80,59.9911,30.1597,30.99,11.18
318,Balrāmpur,0,IN,1614742604,17,27.4333,82.1833,73.22,5.35
319,Saint-Pierre,0,RE,1614742285,61,-21.3393,55.4781,77.0,4.61
320,Amahai,92,ID,1614742604,61,-3.3333,128.9167,85.93,7.52
321,Pechenga,90,RU,1614742604,86,69.5259,31.1703,21.2,9.22
322,Olafsvik,100,IS,1614742604,88,64.8945,-23.7142,36.05,19.33
323,Pemba,100,MZ,1614742604,85,-12.974,40.5178,77.47,7.23
324,Manado,40,ID,1614742604,66,1.487,124.8455,87.8,9.22
325,Narsaq,75,GL,1614742355,31,60.9167,-46.05,42.8,42.57
326,Ushtobe,100,KZ,1614742605,94,45.2514,77.9838,32.74,9.53
327,Urmia,75,IR,1614742605,86,37.5527,45.0761,32.0,4.61
328,Skjervøy,100,NO,1614742605,85,70.0311,20.9714,33.6,22.7
329,Alta Floresta,0,BR,1614742605,100,-9.8756,-56.0861,73.4,1.14
330,Bereda,91,ES,1614742606,100,43.2686,-7.5406,43.0,1.99
331,Usogorsk,100,RU,1614742606,92,63.4106,48.6872,19.94,9.8
332,Littleton,1,US,1614742559,33,39.6133,-105.0166,44.01,5.75
333,Monte Alegre,97,BR,1614742282,92,-2.0078,-54.0692,73.18,3.49
334,Elizabeth City,1,US,1614742606,65,36.2946,-76.2511,37.4,5.84
335,Jutaí,100,BR,1614742606,96,-5.1833,-68.9,72.3,2.13
336,São Filipe,56,CV,1614742286,76,14.8961,-24.4956,69.48,8.23
337,Pevek,2,RU,1614742227,86,69.7008,170.3133,-25.73,3.0
338,Pringsewu,80,ID,1614742606,64,-5.3582,104.9744,87.13,4.92
339,Qui Nhon,80,VN,1614742554,73,13.7667,109.2333,79.39,12.08
340,Catabola,100,AO,1614742607,98,-12.15,17.2833,57.34,3.09
341,Srednebelaya,0,RU,1614742607,48,50.6594,128.0106,15.8,4.47
342,Wonthaggi,98,AU,1614742607,59,-38.6044,145.5913,66.99,11.01
343,Marondera,73,ZW,1614742607,98,-18.1853,31.5519,54.63,8.86
344,Ndélé,21,CF,1614742607,20,8.4109,20.6473,71.91,9.06
345,Onega,92,RU,1614742521,97,63.9061,38.1404,19.45,8.21
346,São João dos Patos,100,BR,1614742608,93,-6.495,-43.7022,70.32,2.59
347,Bathsheba,40,BB,1614742608,65,13.2167,-59.5167,77.0,13.8
348,Castro,99,BR,1614742235,96,-24.7911,-50.0119,63.14,5.3
349,Codrington,86,AU,1614742243,52,-38.2667,141.9667,61.99,10.92
350,Nyrob,100,RU,1614742608,98,60.733,56.7202,21.88,5.23
351,Norman Wells,75,CA,1614742237,69,65.282,-126.8329,-16.6,5.75
352,Moirāng,75,IN,1614742608,67,24.5,93.7667,62.6,1.14
353,Port-Gentil,99,GA,1614742363,84,-0.7193,8.7815,81.5,12.17
354,Taoudenni,68,ML,1614742325,25,22.6783,-3.9836,66.4,8.77
355,Ardeşen,75,TR,1614742609,93,41.1911,40.9875,35.6,13.8
356,Bubaque,0,GW,1614742609,67,11.2833,-15.8333,76.75,14.9
357,Lebowakgomo,0,ZA,1614742609,94,-24.2,29.5,57.2,4.61
358,San Andrés,40,CO,1614742609,74,12.5847,-81.7006,80.6,11.5
359,Omsukchan,78,RU,1614742609,87,62.5333,155.8,-8.12,2.19
360,Fairbanks,90,US,1614742304,85,64.8378,-147.7164,7.0,4.61
361,Chapais,1,CA,1614742336,76,49.7834,-74.8492,-16.6,1.03
362,Cairns,40,AU,1614742609,61,-16.9167,145.7667,84.2,23.02
363,Ostrovnoy,100,RU,1614742296,97,68.0531,39.5131,26.35,14.16
364,Cayenne,75,GF,1614742289,94,4.9333,-52.3333,73.4,3.44
365,Kangaatsiaq,100,GL,1614742359,82,68.3065,-53.4641,14.52,6.08
366,Jagüey Grande,20,CU,1614742610,88,22.5269,-81.1286,69.8,3.44
367,Milford,1,US,1614742610,34,41.2223,-73.0565,28.4,5.75
368,Baykit,4,RU,1614742610,78,61.67,96.37,-22.13,2.39
369,Mitzic,98,GA,1614742611,98,0.7821,11.549,68.67,0.94
370,El Batey,20,DO,1614742611,88,19.7667,-70.5167,73.4,11.45
371,Creemore,98,CA,1614742611,51,44.327,-80.1075,32.0,16.11
372,Kumul,9,CN,1614742251,53,42.8,93.45,44.04,2.15
373,Cabo San Lucas,75,MX,1614741967,68,22.8909,-109.9124,66.2,9.22
374,Nantucket,0,US,1614742298,85,41.2835,-70.0995,27.0,27.54
375,Rio Grande,78,BR,1614742333,95,-32.035,-52.0986,73.99,9.78
376,Imbituba,75,BR,1614742162,88,-28.24,-48.6703,75.2,8.05
377,Saint-Augustin,86,CA,1614742612,94,51.226,-58.6502,11.26,10.31
378,Te Anau,63,NZ,1614742360,66,-45.4167,167.7167,61.72,8.55
379,Ende,47,ID,1614742612,58,-8.8432,121.6623,88.38,3.71
380,Marabu,40,MY,1614742612,84,4.4148,114.0089,86.0,4.61
381,Araguaína,100,BR,1614742612,92,-7.1911,-48.2072,73.18,3.4
382,Naryan-Mar,28,RU,1614742612,96,67.6713,53.087,7.99,4.92
383,Lorengau,100,PG,1614742310,74,-2.0226,147.2712,83.57,9.01
384,George Town,20,MY,1614742532,70,5.4112,100.3354,86.0,4.61
385,Faya,0,SA,1614742613,62,18.3851,42.4509,53.6,1.97
386,Collecchio,87,IT,1614742613,82,44.754,10.2184,42.01,4.41
387,Khasan,100,RU,1614742350,94,42.4308,130.6434,32.41,16.22
388,Miramar,1,US,1614742318,78,25.9873,-80.2323,75.2,5.75
389,Guerrero Negro,13,MX,1614742217,38,27.9769,-114.0611,62.04,5.19
390,Sabang,2,ID,1614742614,74,5.8933,95.3214,82.63,10.29
391,Insar,100,RU,1614742614,96,53.8653,44.3738,25.68,14.32
392,Cravo Norte,91,CO,1614742614,36,6.3017,-70.2041,78.21,5.39
393,Darhan,100,MN,1614742614,90,49.4867,105.9228,27.5,6.67
394,Dunmore Town,43,BS,1614742615,74,25.5,-76.65,74.91,10.92
395,Ponta Delgada,20,PT,1614742346,67,37.7333,-25.6667,59.0,27.63
396,Muisne,92,EC,1614742615,87,0.6,-80.0333,75.29,4.97
397,Taiyuan,0,CN,1614742615,46,37.8694,112.5603,48.2,4.47
398,St Austell,75,GB,1614742616,93,50.3383,-4.7658,46.4,6.91
399,Ayan,0,RU,1614742319,75,56.45,138.1667,-3.98,4.09
400,Airai,100,TL,1614742272,77,-8.9266,125.4092,72.93,3.69
401,Muros,21,ES,1614742242,100,42.7762,-9.0603,44.01,3.44
402,Capitán Bado,15,PY,1614742616,96,-23.2667,-55.5333,69.57,8.52
403,Necochea,0,AR,1614742617,91,-38.5473,-58.7368,69.01,3.0
404,Oskemen,90,KZ,1614742617,86,49.9565,82.6119,19.4,11.18
405,Shirokiy,100,RU,1614742617,96,49.758,129.523,13.37,13.47
406,Guangyuan,100,CN,1614742617,82,32.442,105.823,43.0,5.17
407,Alpena,1,US,1614742618,51,45.0617,-83.4327,35.6,10.36
408,Chara,97,RU,1614742618,80,56.9064,118.2631,-13.31,1.45
409,Leirvik,98,NO,1614742618,92,59.7798,5.5005,39.0,2.59
410,Pizarro,96,CO,1614742618,87,4.9533,-77.366,75.87,2.57
411,Sovetskiy,100,RU,1614742618,96,61.3614,63.5842,11.37,7.14
412,Dawei,0,MM,1614742619,36,14.0833,98.2,91.44,5.7
413,Utiel,85,ES,1614742619,84,39.5667,-1.2,54.0,3.15
414,Forécariah,47,GN,1614742619,78,9.4306,-13.0881,80.6,2.3
415,Moate,66,IE,1614742619,93,53.55,-7.7167,39.0,5.01
416,Aklavik,100,CA,1614742311,76,68.2191,-135.0107,-20.2,4.61
417,Kontagora,99,NG,1614742620,16,10.3999,5.4695,79.72,9.33
418,Susuman,100,RU,1614742620,82,62.7833,148.1667,-14.75,3.56
419,Ballina,90,AU,1614742620,69,-28.8667,153.5667,77.0,5.75
420,Sawtell,40,AU,1614742620,73,-30.3833,153.1,75.2,10.36
421,Sinnamary,100,GF,1614742620,92,5.3833,-52.95,75.61,11.14
422,Mirandela,11,PT,1614742621,98,41.4874,-7.187,36.0,1.3
423,Kutum,26,SD,1614742223,35,14.2,24.6667,53.56,10.04
424,Nouakchott,36,MR,1614742244,21,18.0858,-15.9785,69.8,12.66
425,Kanniyākumāri,0,IN,1614742621,57,8.0833,77.5667,82.0,14.36
426,Andenes,99,NO,1614742621,74,69.3143,16.1194,32.0,28.77
427,San Lorenzo,40,PY,1614742381,69,-25.3333,-57.5333,82.4,4.61
428,Omboué,100,GA,1614742329,90,-1.5746,9.2618,78.13,4.23
429,Batemans Bay,0,AU,1614742285,50,-35.7167,150.1833,69.01,3.0
430,Salinópolis,95,BR,1614742621,86,-0.6136,-47.3561,77.77,9.84
431,Cowra,0,AU,1614742621,46,-33.8333,148.6833,69.01,1.01
432,Paraty,100,BR,1614742622,77,-23.2178,-44.7131,74.32,3.89
433,Avera,90,US,1614742231,93,33.194,-82.5271,42.8,11.5
434,Kirakira,100,SB,1614742277,84,-10.4544,161.9205,80.71,6.93
435,Tura,0,IN,1614742232,14,25.5198,90.2201,86.09,1.9
436,Sergeevka,100,KZ,1614742622,93,53.88,67.4158,6.44,18.57
437,Vila Velha,20,BR,1614742057,94,-20.3297,-40.2925,75.2,2.3
438,Joshīmath,0,IN,1614742622,25,30.5667,79.5667,61.02,1.52
439,Talnakh,0,RU,1614742272,75,69.4865,88.3972,-23.85,9.42
440,Hornepayne,94,CA,1614742623,98,49.2138,-84.7705,22.84,6.51
441,Kyabé,23,TD,1614742623,20,9.4515,18.9449,74.34,7.29
442,Camacupa,100,AO,1614742623,95,-12.0167,17.4833,58.14,3.74
443,Phetchaburi,51,TH,1614742624,58,12.9667,99.5833,90.0,6.22
444,Pont-Audemer,0,FR,1614742624,71,49.35,0.5167,48.2,5.75
445,Winburg,21,ZA,1614742624,57,-28.518,27.0093,58.35,5.99
446,Mount Gambier,90,AU,1614742624,48,-37.8333,140.7667,64.4,12.66
447,Sibolga,87,ID,1614742351,80,1.7427,98.7792,82.2,3.58
448,Labuhan,24,ID,1614742625,68,-6.8844,112.2051,85.66,6.04
449,Cabinda,100,AO,1614742625,86,-5.55,12.2,78.93,0.69
450,Bulgan,95,MN,1614742625,82,48.8125,103.5347,28.11,6.02
451,La Asuncion,43,VE,1614742625,87,11.0333,-63.8628,72.95,10.33
452,Chu,99,KZ,1614742625,98,43.5983,73.7614,31.71,5.26
453,Palu,42,ID,1614742625,49,-0.8917,119.8707,90.82,4.09
454,North Bend,1,US,1614742626,81,43.4065,-124.2243,46.4,6.91
455,Usinsk,94,RU,1614742626,95,65.9939,57.5281,6.3,8.05
456,La Serena,0,CL,1614742626,88,-29.9078,-71.2542,60.8,2.3
457,Longhua,13,CN,1614742626,47,23.6137,114.1919,75.61,1.92
458,Minuri,44,PH,1614742626,80,16.535,121.8574,79.65,3.49
459,Boulder,1,US,1614742456,20,40.0833,-105.3505,50.0,10.36
460,Khovd,55,MN,1614742627,64,48.0056,91.6419,34.09,10.56
461,Isesaki,0,JP,1614742627,28,36.3167,139.2,46.0,8.99
462,Flinders,40,AU,1614742290,42,-34.5833,150.8552,72.0,10.36
463,Nurota,65,UZ,1614742627,65,40.5614,65.6886,41.0,4.61
464,Ilhabela,97,BR,1614742298,87,-23.7781,-45.3581,75.56,3.67
465,Dongsheng,0,CN,1614742627,49,39.8161,109.9776,44.28,15.68
466,Zhigalovo,100,RU,1614742628,84,54.8097,105.1578,3.7,4.07
467,Haines Junction,100,CA,1614742267,59,60.7522,-137.5108,26.6,3.44
468,Deputatsky,100,RU,1614742628,87,69.3,139.9,-28.86,2.1
469,Brewster,1,US,1614742628,39,41.3973,-73.6171,24.8,3.44
470,Don Luan,1,VN,1614742495,39,11.5333,106.9167,96.39,0.85
471,Waipawa,20,NZ,1614742347,73,-41.4122,175.5153,70.0,24.16
472,Rome,90,US,1614742628,63,43.2128,-75.4557,19.99,4.61
473,Port Blair,20,IN,1614742366,83,11.6667,92.75,80.6,2.3
474,Abu Samrah,4,SY,1614742629,91,35.3029,37.1841,43.68,3.42
475,Ābādān,0,IR,1614742629,87,30.3392,48.3043,51.8,2.3
476,Benghazi,0,LY,1614742629,67,32.1167,20.0667,54.05,17.27
477,Howard Springs,75,AU,1614742629,66,-12.497,131.047,91.99,11.5
478,Kurya,100,RU,1614742629,96,51.6003,82.2888,16.45,10.04
479,Aykhal,35,RU,1614742303,79,66.0,111.5,-28.79,3.49
480,Liwale,88,TZ,1614742457,98,-9.7667,37.9333,69.73,3.29
481,Rocha,40,UY,1614742227,93,-34.4833,-54.3333,69.3,6.38
482,Vrnograč,0,BA,1614742630,93,45.1636,15.9536,28.4,4.61
483,Klyuchi,93,RU,1614742325,92,52.2667,79.1667,13.17,10.07
484,Ibb,0,YE,1614742630,49,13.9667,44.1833,61.25,2.24
485,Askiz,100,RU,1614742630,95,53.1319,90.5264,19.92,1.63
486,Miles City,90,US,1614742630,45,46.4083,-105.8406,44.6,10.36
487,Kudahuvadhoo,39,MV,1614742309,68,2.6708,72.8944,82.29,14.72
488,Kidal,7,ML,1614742631,25,18.4411,1.4078,70.29,3.96
489,Souillac,75,MU,1614742252,94,-20.5167,57.5167,77.0,5.75
490,Kralendijk,42,BQ,1614742631,94,12.15,-68.2667,73.4,5.75
491,Santa Rita,40,BR,1614742631,100,-7.1139,-34.9781,75.2,2.3
492,Sāveh,26,IR,1614742631,48,35.0213,50.3566,49.82,6.76
493,Kieta,98,PG,1614742631,74,-6.2167,155.6333,83.1,9.33
494,Petropavlovsk-Kamchatskiy,90,RU,1614742286,93,53.0452,158.6483,21.2,6.71
495,Gueugnon,0,FR,1614742632,81,46.6036,4.0629,42.01,2.3
496,Somerset,1,US,1614742632,74,40.5668,-74.5496,30.0,5.57
497,Mossamedes,1,AO,1614742261,81,-15.1961,12.1522,72.12,2.82
498,Bolobo,100,CD,1614742632,90,-2.1667,16.2333,74.14,3.96
499,San Cristobal,40,VE,1614742632,73,7.7669,-72.225,77.0,2.3
500,Taos,1,US,1614742633,47,36.4072,-105.5731,33.8,6.91
501,Cabras,91,IT,1614742633,78,39.93,8.5314,46.08,7.74
502,Saint Anthony,1,US,1614742633,70,45.0205,-93.218,41.0,3.44
503,Lyubinskiy,28,RU,1614742633,77,55.1542,72.6925,-4.0,4.47
504,Belaya Gora,99,RU,1614742321,83,68.5333,146.4167,-27.31,4.34
505,Luwuk,81,ID,1614742633,62,-0.9516,122.7875,87.37,2.44
506,Belmonte,75,BR,1614742634,88,-15.8631,-38.8828,73.4,3.44
507,Makkah al Mukarramah,1,SA,1614742331,51,21.4267,39.8261,69.01,2.77
508,Neiafu,75,TO,1614742634,94,-18.65,-173.9833,77.0,5.75
509,Matara,9,LK,1614742634,56,5.9485,80.5353,81.61,11.79
510,Aberdeen,90,GB,1614742585,93,57.1437,-2.0981,37.4,3.44
511,Kaitong,85,CN,1614742634,84,44.8135,123.15,34.7,11.99
512,Parabel',93,RU,1614742634,93,58.6978,81.4825,0.41,8.7
513,Donskoye,90,RU,1614742635,93,45.4552,41.9741,35.01,20.13
514,Valparaíso,42,CL,1614742364,80,-33.0393,-71.6273,61.0,3.83
515,Takoradze,80,GH,1614742635,89,4.8845,-1.7554,78.76,7.83
516,Ayorou,0,NE,1614742635,20,14.7308,0.9174,78.22,9.33
517,Hvide Sande,40,DK,1614742635,93,56.0045,8.1294,30.0,2.3
518,Porto Velho,90,BR,1614742344,94,-8.7619,-63.9039,73.4,2.3
519,Lagoa,9,PT,1614742635,64,39.05,-27.9833,56.25,30.98
520,Yabrūd,0,SY,1614742635,87,33.9674,36.6574,37.4,6.91
521,Setermoen,75,NO,1614742636,80,68.861,18.3486,28.4,6.91
522,Jeremoabo,71,BR,1614742636,93,-10.075,-38.4808,70.11,6.91
523,Saint-Louis,0,SN,1614742636,25,16.3333,-15.0,77.0,2.3
524,Marystown,85,CA,1614742240,90,47.1666,-55.1483,18.86,17.49
525,Caravelas,26,BR,1614742239,91,-17.7125,-39.2481,74.46,4.0
526,Nikki,1,BJ,1614742636,24,9.9401,3.2108,70.45,2.93
527,São Luís do Quitunde,0,BR,1614742542,94,-9.3183,-35.5611,73.4,2.3
528,Puerto Lempira,12,HN,1614742636,83,15.2667,-83.7667,73.9,7.34
529,Luanda,40,AO,1614742028,83,-8.8368,13.2343,78.8,10.36
530,Mizdah,36,LY,1614742637,91,31.4451,12.9801,49.23,16.89
531,Siavonga,13,ZM,1614742637,89,-16.5382,28.7088,69.28,3.18
532,Udaipur,0,IN,1614742637,15,24.5712,73.6918,79.66,2.71
533,Kuzino,98,RU,1614742638,97,57.0224,59.4412,20.46,9.48
534,Mbanza-Ngungu,100,CD,1614742638,98,-5.25,14.8667,66.56,0.81
535,Avilés,90,ES,1614742106,93,43.5547,-5.9248,50.0,5.75
536,Balabac,62,PH,1614742638,75,7.9868,117.0645,83.53,16.55
537,Mokhsogollokh,90,RU,1614742353,85,61.4681,128.9203,-12.66,1.32
538,Puerto Baquerizo Moreno,70,EC,1614742639,85,-0.9,-89.6,78.4,8.12
539,Umluj,0,SA,1614742639,51,25.0213,37.2685,67.96,10.27
540,Olavarría,0,AR,1614742639,87,-36.8927,-60.3225,72.0,5.99
541,Kuala Pilah,20,MY,1614742640,66,2.7389,102.2487,87.01,6.91
542,Tiarei,75,PF,1614742302,66,-17.5333,-149.3333,87.8,6.91
543,Bandarbeyla,41,SO,1614742640,75,9.4942,50.8122,77.47,13.76
544,Tiksi,100,RU,1614742244,85,71.6872,128.8694,-28.14,3.58
545,Dali,0,CN,1614742260,35,25.7,100.1833,62.94,7.27
546,Tungor,0,RU,1614742640,80,53.3808,142.9564,-1.37,15.57
547,Kirensk,100,RU,1614742640,89,57.7853,108.1119,-10.82,4.41
548,Hūn,0,LY,1614742640,84,29.1268,15.9477,49.82,6.24
549,Pangoa,23,PE,1614742641,96,-12.1167,-73.0,67.21,2.73
550,Svenstrup,90,DK,1614742641,100,56.9723,9.8481,35.6,10.36
551,Mayo,1,US,1614742338,60,38.8876,-76.5119,36.0,11.3
552,Semme,0,FR,1614742641,49,46.1963,1.5007,46.4,3.44
553,Cockburn Town,16,TC,1614742020,75,21.4612,-71.1419,75.78,20.0
554,Bangassou,100,CF,1614742642,34,4.7413,22.8184,62.89,1.16
555,Rehoboth,0,NA,1614742642,53,-23.3167,17.0833,65.41,4.56
556,Ouagadougou,18,BF,1614742642,20,12.3642,-1.5383,84.2,8.05
557,Malé,20,MV,1614742398,70,4.1748,73.5089,84.2,10.36
558,Abbeville,37,FR,1614742642,93,50.1,1.8333,43.0,3.44
559,Ibrā’,0,OM,1614742643,35,22.6906,58.5334,76.59,2.04
560,Palmer,20,US,1614742315,42,42.1584,-72.3287,21.99,12.66
561,Ust-Maya,99,RU,1614742643,85,60.4167,134.5333,-11.43,2.48
562,Totness,100,SR,1614742643,87,5.8833,-56.3167,76.33,8.5
563,Yasothon,75,TH,1614742643,69,15.75,104.1333,90.0,10.36
564,Brest,90,BY,1614742643,87,52.1,23.7,35.6,4.47
565,Moussoro,3,TD,1614742644,19,13.6408,16.4901,71.55,16.13
566,Saint-Joseph,0,RE,1614742644,61,-21.3667,55.6167,78.01,4.61
567,Ridgecrest,75,US,1614742644,13,35.6225,-117.6709,55.99,5.75
568,Solnechnyy,100,RU,1614742644,75,50.7214,136.6319,11.03,7.4
569,Tazmalt,99,DZ,1614742644,57,36.3868,4.3989,54.52,3.33
570,Berlevåg,100,NO,1614742314,94,70.8578,29.0864,26.29,7.05
